,0,1,2,3,4,5,6,7,8,9,10,11,12,13,14,15,16,17,18,19
0,2319,9,3,5,9,3,10,8,5,0,0,77,11,4,27,10,0,5,17,14
1,2,1999,0,1,2,1,0,1,5,0,6,2,4,9,1,31,0,374,60,1
2,8,0,1927,253,7,134,52,15,1,0,6,14,48,0,44,17,0,0,21,4
3,15,0,199,2046,1,27,14,13,2,0,0,11,173,6,9,13,0,0,12,4
4,2,1,2,2,1471,9,171,43,140,3,29,16,75,374,8,107,1,2,40,12
5,5,2,115,25,17,2036,127,83,6,3,3,4,35,11,9,29,0,2,24,8
6,10,2,36,5,99,84,1822,80,58,1,13,6,50,94,21,98,9,3,54,15
7,3,0,6,3,35,42,40,2181,16,0,6,10,15,38,4,47,1,2,36,3
8,7,3,1,0,103,9,61,23,1775,2,14,6,88,231,3,60,1,7,38,10
9,0,0,1,0,0,0,0,0,0,2499,1,0,1,0,0,0,0,0,0,1
10,6,10,4,1,70,8,30,5,22,3,2235,7,8,32,6,14,2,3,56,5
11,66,3,4,4,17,3,13,9,7,0,3,2245,21,9,14,16,0,6,10,13
12,10,8,73,257,62,18,64,34,68,1,3,20,1574,156,14,70,0,8,42,5
13,4,2,2,2,180,8,73,70,140,1,8,8,93,1723,3,172,0,4,16,8
14,18,1,23,2,9,2,23,3,7,0,1,27,7,2,2237,6,1,0,12,16
15,4,24,2,14,31,9,40,55,38,6,4,7,30,117,2,2033,0,14,19,4
16,0,0,0,0,1,0,2,0,1,0,1,0,2,0,0,0,2504,0,0,0
17,5,1935,0,3,12,3,0,0,7,0,7,5,6,12,0,40,0,367,54,2
18,14,16,12,9,54,14,52,33,31,0,31,23,13,20,15,24,2,23,2066,14
19,20,3,3,1,22,4,25,2,6,0,16,13,18,17,33,9,1,1,18,2381
